従業員名,ちふれ①,ちふれ②,ちふれ③,ちふれ④,ロジスティード東日本A,ロジスティード東日本B,ロジスティード東日本C,ロジスティード東日本 三芳,エデュシップ,正電成和,西武文理,西後楽北,西後楽南,西後楽中央,307 B便,307 E便,308 D便,309 A便,310 G便,311 H便,312 I便,313 F便,27 Jm,2203 Lm,2204 Km
新藤勇一,レ,レ,レ,レ,レ,レ,レ,レ,レ,レ,レ,レ,レ,レ,レ,レ,レ,レ,レ,レ,レ,レ,レ,レ,レ
今井淳一,レ,レ,レ,レ,レ,レ,レ,レ,レ,レ,レ,,,レ,レ,レ,レ,レ,レ,レ,レ,レ,レ,レ
島袋崇,レ,レ,,レ,レ,レ,レ,レ,レ,レ,,,,,レ,レ,レ,レ,レ,レ,レ,レ,レ,,
飯濱康裕,レ,レ,,レ,レ,レ,レ,レ,レ,レ,,,,,レ,レ,レ,レ,レ,レ,レ,レ,レ,,
星川継桐,レ,レ,レ,レ,レ,レ,レ,レ,レ,レ,レ,,,レ,レ,レ,レ,レ,レ,レ,レ,レ,レ,レ