,"ちふれ①
101","ちふれ②
マイクロ","ちふれ③
電気2202","ちふれ④
マイクロ","ロジスティード
東日本A","ロジスティード
東日本B","ロジスティード
東日本C","ロジスティード
東日本 三芳",エデュシップ,正電成和,西武文理,西後楽北,西後楽南,西後楽中央,307 B便,307 E便,308 D便,309 A便,310 G便,311 H便,312 I便,313 F便,27 Jm,2203 Lm,2204 Km
新藤勇一,レ,レ,レ,レ,レ,レ,レ,レ,レ,レ,レ,レ,レ,レ,レ,レ,レ,レ,レ,レ,レ,レ,レ,レ,レ
今井淳一,レ,レ,レ,レ,レ,レ,レ,レ,レ,レ,レ,,,,レ,レ,レ,レ,レ,レ,レ,レ,レ,レ,レ
島袋崇,レ,レ,,レ,レ,レ,レ,レ,レ,レ,,,,,レ,レ,レ,レ,レ,レ,レ,レ,レ,,
飯濱康裕,レ,レ,,レ,レ,レ,レ,レ,レ,レ,,,,,レ,レ,レ,レ,レ,レ,レ,レ,レ,,
星川継桐,レ,レ,レ,レ,レ,レ,レ,レ,レ,レ,レ,,,,レ,レ,レ,レ,レ,レ,レ,レ,レ,レ,レ
庄司孝,レ,レ,レ,レ,レ,レ,レ,レ,レ,レ,レ,,レ,,レ,レ,レ,レ,レ,レ,レ,レ,レ,レ,レ
稲垣義孝,レ,レ,レ,レ,レ,レ,レ,レ,レ,レ,レ,,,,レ,レ,レ,レ,レ,レ,レ,レ,レ,レ,レ
清水春久,レ,レ,レ,レ,レ,レ,レ,レ,レ,レ,,,,,レ,レ,レ,レ,レ,レ,レ,レ,レ,レ,レ
白井裕昭,レ,レ,レ,レ,レ,レ,レ,レ,レ,レ,レ,,,,レ,レ,レ,レ,レ,レ,レ,レ,レ,レ,レ
利根川政成,レ,レ,レ,レ,レ,レ,レ,レ,レ,レ,レ,,,,レ,レ,レ,レ,レ,レ,レ,レ,レ,レ,レ
栗山大佑,レ,レ,レ,レ,レ,レ,レ,レ,レ,レ,レ,,,,レ,レ,レ,レ,レ,レ,レ,レ,レ,レ,レ
千村恵,レ,レ,レ,レ,レ,レ,レ,レ,レ,レ,レ,,,,レ,レ,レ,レ,レ,レ,レ,レ,レ,レ,レ
大山繁,レ,レ,レ,レ,レ,レ,レ,レ,レ,レ,レ,,レ,,レ,レ,レ,レ,レ,レ,レ,レ,レ,レ,レ
納戸崇有,レ,レ,レ,レ,レ,レ,レ,レ,レ,レ,レ,,レ,,レ,レ,レ,レ,レ,レ,レ,レ,レ,レ,レ
上山いず美,レ,レ,レ,レ,レ,レ,レ,レ,レ,レ,,,,,レ,レ,レ,レ,レ,レ,レ,レ,レ,レ,レ
渋谷亘,レ,レ,レ,レ,レ,レ,レ,,レ,レ,レ,,,,レ,レ,レ,レ,レ,レ,レ,レ,レ,レ,レ
寺田淳二,レ,レ,レ,レ,レ,レ,レ,レ,レ,レ,レ,,,,レ,レ,レ,レ,レ,レ,レ,レ,レ,レ,レ
南端正則,レ,レ,レ,レ,レ,レ,レ,レ,レ,レ,レ,レ,レ,レ,レ,レ,レ,レ,レ,レ,レ,レ,レ,レ,レ
藤井信昭,レ,レ,レ,レ,レ,レ,レ,レ,レ,レ,レ,,,,レ,レ,レ,レ,レ,レ,レ,レ,レ,レ,レ
橋本幸太郎,レ,レ,レ,レ,レ,レ,レ,レ,レ,,レ,,,,レ,レ,レ,レ,レ,レ,レ,レ,レ,レ,レ
佐藤慎也,レ,レ,レ,レ,レ,レ,レ,レ,レ,レ,レ,,,,,,,,レ,,,,,レ,レ
川上勤,レ,レ,レ,レ,レ,レ,レ,レ,レ,レ,レ,,,,レ,レ,レ,レ,レ,,,,,レ,レ
武田知士,,レ,レ,,,,レ,,,,,,,,,,,レ,,レ,,レ,レ,レ,レ
鈴木清人,,,,,,,,,,,,,,,,,,,,,レ,,レ,レ,レ
中須賀博文,,レ,レ,レ,,,レ,,,,,,,,,,,,,,,,,,
大久保貴清,,,,,,,,,,,,,,,,,レ,レ,,,,レ,,,
村松英和,,,,,,,,,,,,,,,,,,,,,,,,,
福島満好,,レ,レ,レ,レ,レ,レ,レ,レ,レ,,,,,,,,,,,,,,,
新井義明,,レ,レ,レ,レ,レ,レ,レ,レ,レ,,レ,,,,,,,,,,,,,
中村勝也,,レ,レ,レ,レ,レ,レ,レ,レ,レ,,レ,,,,,,,,,,,,,
上田三秋,レ,レ,,レ,,,レ,,レ,,,,,,,,,,,,,,,,
笹川景子,,レ,,レ,レ,レ,レ,レ,レ,レ,,,,,,,,,,,,,,,
青山恵美子,レ,レ,レ,レ,レ,レ,レ,レ,レ,レ,,,,,,,,,,,,,,,
榎将康,,レ,レ,レ,,,レ,,,,,,レ,レ,,,,,,,,,,,
三厨五百記,,,,,,,,,,,,レ,,レ,,,,,,,,,,,
吉田春男,,,,,レ,,,,,,,,,,,,,,,,,,,,
吉田富雄,,,,,,レ,,,,,,,,,,,,,,,,,,,
