従業員ID,従業員名,ユーザタイプ,所属組織
00000001,今井淳一,0,川越
00000003,西岡竜太,1,高速バス
00000009,小林淳一,0,高速バス
00000039,福島満好,0,川越
00000051,吉田富雄,0,川越
00000055,修理用,0,東京
00000067,中村勝也,0,川越
00000074,新井義明,0,川越
00000085,吉田春男,0,川越
00000092,島袋崇,1,川越
00000110,新藤勇一,0,川越
00000115,笹川景子,0,川越
00000123,三厨五百記,0,川越
00000126,飯濱康裕,0,川越
00000130,青山恵美子,0,川越
00000131,星川継桐,0,川越
00000138,庄司孝,0,川越
00000139,稲垣義孝,0,川越
00000140,角川洋司,0,川口
00000141,溝井剛,0,川口
00000142,小林克己,0,川口
00000143,野村長武,0,川口
00000145,清水春久,0,川越
00000147,根本竜治,0,川口
00000150,白井裕昭,0,川越
00000151,篠原裕一,0,高速バス
00000155,千村恵,0,川越
00000156,利根川政成,0,川越
00000159,大山繁,0,川越
00000162,上山いず美,0,川越
00000163,渋谷亘,0,川越
00000164,寺田淳二,0,川越
00000165,長谷部傑,0,高速バス
00000166,南端正則,0,川越
00000169,福井昭彦,0,川越
00000171,川上勤,0,川越
00000174,藤井信昭,0,川越
00000175,橋本幸太郎,0,川越
00000178,上田三秋,0,川越
00000181,佐藤慎也,0,川越
00000185,武田知士,0,川越
00000187,榎将康,0,川越
00000188,鈴木清人,0,川越
00000190,中須賀博文,0,川越
00000191,大久保貴清,0,川越
00000192,村松英和,0,川越
00000193,五十嵐祐人,0,川越
00000408,小林克己,0,川口
00000413,根本竜治,0,川口
00001000,金井浩,0,高速バス
00001006,木野英夫,0,川口
00001007,西岡竜太,1,高速バス
00001019,佐藤瞬貴,1,川口
00001037,小原礼,0,高速バス
00001058,小林淳一,0,高速バス
00001069,上野能幸,0,高速バス
00001080,外園淳也,0,高速バス
00001083,