制約ID,制約名,制約タイプ,制約値,適用範囲,有効フラグ,備考
C001,連続勤務日数制限,勤務日数,6,全従業員,True,連続6日を超える勤務禁止
C002,休息時間確保,休息時間,8,全従業員,True,勤務終了から次の勤務開始まで8時間以上
C003,週労働時間制限,労働時間,40,全従業員,True,週40時間を超える場合は36協定必要
C004,月労働時間上限,労働時間,184,全従業員,True,月184時間（22日×8時間+残業40時間）
C005,深夜勤務間隔,休息時間,11,深夜勤務者,True,深夜勤務後は11時間以上の休息
C006,,,,,,
C007,点呼業務資格,スキル,点呼業務,全営業所,True,点呼業務は有資格者のみ
C008,,,,,,
C009,,,,,,
C010,月休日数最低,休日,8,全従業員,True,月最低8日の休日確保
