運転士,班,備考
西岡　竜太,無し,
小原　　 礼,Galaxy,
小林　淳一,無し,
上野　能幸,無し,
外園　淳也,Aube,
高橋　　 晋,Aube,
大野　代介,Galaxy,
高橋　孝一,Galaxy,
糸洌　直樹,Galaxy,
村田　千丈,Aube,
木村　　 功,Aube,
岡本　　 塁,Galaxy,
鈴木　隆也,Galaxy,
新村　和宏,Aube,
田中　知明,Aube,
山本　貴也,Galaxy,
本木　弘貴,Aube,
土屋風一郎,Aube,
高橋　良平,Galaxy,
池沢　悠介,Aube,
池田　龍牙,Galaxy,
依岡　伴征,両方,
福井　昭彦,無し,
安部　弘志,Aube,8/20で退社
金子　悦二,Galaxy,
篠原　裕一,Galaxy,
畑原　俊介,無し,
須田　　 純,無し,
南卓　　 然,無し,
下吉　秀高,無し,
白石　拓実,無し,
長谷　部傑,無し,
落合由美子,無し,
